<?xml version="1.0"?>
<pagescount>
	<html_total>1</html_total>
	<html_done>1</html_done>
	<images>24</images>
	<script>5</script>
	<css>6</css>
	<pdf/>
	<documents/>
	<excel/>
	<powerpoint/>
	<flash/>
	<audios/>
	<videos>1</videos>
	<xml/>
	<json/>
	<txt/>
	<autocad/>
	<fonts>15</fonts>
	<scraping_reload>1</scraping_reload>
	<is_pretty_url>false</is_pretty_url>
	<is_ebn>false</is_ebn>
	<email>abdoukoubib@gmail.com</email>
	<theme_name>WmdTheme764977</theme_name>
	<server_url_front_page>https://www6.waybackmachinedownloader.com/wdo/files/demo/getdicerolls.com_abdoukoubib_gmail.com_epr3b1kixh/</server_url_front_page>
	<no_www_url>getdicerolls.com</no_www_url>
	<hosted_domain/>
	<original_archive_url>https://getdicerolls.com/</original_archive_url>
	<final_archive_url>https://getdicerolls.com/</final_archive_url>
	<front_page_code_date/>
	<total_urls_from_api/>
	<max_reached_live>false</max_reached_live>
	<scrape_other_captures>false</scrape_other_captures>
	<total_size>24380</total_size>
</pagescount>
